id,geo_x_km,geo_y_km,n_households,V_min_pu2,V_max_pu2
0,0.9376432,1.3458207,0,0.81,1.21
1,1.16352854,0.33781078,5,0.81,1.21
2,0.45024943,1.31033017,1,0.81,1.21
3,0.00789796,1.23184263,2,0.81,1.21
4,1.19560414,0.70190243,18,0.81,1.21
5,0.45454864,0.41763842,8,0.81,1.21
6,0.38230438,0.66761446,22,0.81,1.21
7,0.75682239,0.83024603,10,0.81,1.21
8,1.49325043,1.18899288,13,0.81,1.21
9,0.93326884,1.48344022,1,0.81,1.21
