id,from_bus,to_bus,length_km,r_ohm,x_ohm,r_pu,x_pu,P_max_mw
0,0,2,0.48868422,0.2373859,0.04720793,0.001961867,0.0003901482,3.0
1,0,7,0.54636381,0.27625628,0.05214464,0.0022831098,0.0004309475,3.0
2,0,9,0.13768902,0.06564793,0.0137894,0.0005425448,0.000113962,3.0
3,2,3,0.44926063,0.2238712,0.04680023,0.0018501752,0.0003867788,3.0
4,7,4,0.45716683,0.23153731,0.04578122,0.0019135315,0.0003783572,3.0
5,7,6,0.40830475,0.20408854,0.03979957,0.0016866822,0.000328922,3.0
6,4,1,0.36550181,0.17382889,0.0354259,0.0014366024,0.0002927761,3.0
7,4,8,0.57083309,0.29089746,0.05537427,0.0024041112,0.0004576386,3.0
8,6,5,0.26020618,0.12840571,0.0247293,0.0010612043,0.0002043744,3.0
